{
    "name": "example1",
    "gpuuse": 1,
    "data_set": {
        "sleepedf_split": [
            0.9,
            6
        ]
    },
    "data_loader": {
        "args": {
            "batch_size": 64,
            "num_folds": 78
        }
    },
    "optimizer": {
        "type": "Adam",
        "args": {
            "lr": 0.001,
            "a": 0.008,
            "weight_decay": 0.01,
            "amsgrad": true
        }
    },
    "trainer": {
        "epochs": 20,
        "save_dir": "saved/",
        "finetune_epochs": 30
    },
    "model": {
        "s_sizes": 30,
        "num_layers": 16,
        "num_retnet": 2,
        "C2D_seg_len": [
            10,
            20,
            50
        ],
        "C1D_seg_len": [
            1,
            3,
            10
        ],
        "d_model": 64
    },
    "best_f1": [
        0.8589463931484053,
        0.8492396677554421,
        0.8295778305909675,
        0.8621550141413129,
        0.7932556646854301,
        0.792988408982441,
        0.8094257361304177,
        0.8468901496291787,
        0.7510904100472224,
        0.789673844407431
    ],
    "cost_time": [
        1820.6706454753876,
        1593.7145442962646,
        1811.7704727649689,
        1818.4325716495514,
        1037.022387266159,
        1023.1062180995941,
        1592.4743328094482,
        1031.0994095802307,
        1254.282214641571,
        2264.8246738910675
    ]
}